Skoob,Name,Score /5,Editora,Autor,Genero Autor,Nacionalidade,Lingua,Terminado em:,Status,Tenho,Tentativas de leitura,Ku,Prime,HQ,Meta 2023,Serie,Ano Compra,Formato,Genêro,Nacional,Traduzido,Doar,Número de paginas total,Minoria,Cliche
Yes,O sol desvelado,,Alef,Isaac Asimov,Homem,Russo,Portugues,,Não começado,Yes,,No,No,No,No,No,2023,Fisico,Ficção Cientifica,Internacional,Traduzido,No,,,
Yes,Os robôs da alvorado,,Alef,Isaac Asimov,Homem,Russo,Portugues,,Não começado,Yes,,No,No,No,No,No,2023,Fisico,Ficção Cientifica,Internacional,Traduzido,No,,,
Yes,Robôs e Império,,Alef,Isaac Asimov,Homem,Russo,Portugues,,Não começado,Yes,,No,No,No,No,No,2023,Fisico,Ficção Cientifica,Internacional,Traduzido,No,,,
Yes,Loucos por Livros,⭐️⭐️⭐️⭐️⭐️,Verus,Emily Henry,Mulher,Usa,Portugues,2023/11/12,Lido,Yes,1,No,No,No,No,No,2023,Fisico,Romance,Internacional,Traduzido,No,434,,
Yes,E foi assim que tudo mudou,⭐️⭐️⭐️⭐️,‎ Astral Cultural,Thais Bergmann,Mulher,Brasil,Portugues,2023/11/05,Lido,Yes,1,No,No,No,No,No,2023,Fisico,Romance,Nacional,Na,No,240,,
Yes,Será que é o meu número?,⭐️⭐️⭐️⭐️,Universo dos Livros,Julie Murphy,Mulher,Usa,Portugues,2023/01/25,Lido,Yes,2,No,No,No,Yes,No,2022,Fisico,Romance,Internacional,Na,No,,,
Yes,Leitura de Verão,⭐️⭐️⭐️⭐️⭐️,Verus,Emily Henry,Mulher,Usa,Portugues,2023/02/07,Lido,Yes,1,No,No,No,Yes,No,2022,Fisico,Romance,Internacional,Traduzido,No,364,,
Yes,Fake it to the Limit,⭐️⭐️⭐️⭐️,Independente,Mary Frame,Mulher,Usa,Ingles,2023/03/23,Lido,Yes,1,No,No,No,No,Yes,2023,Ebook,Romance,Internacional,Não Traduzido,No,218,,
Yes,Too much crime on my hands,⭐️⭐️⭐️⭐️⭐️,Independente,Mary Frame,Mulher,Usa,Ingles,2023/03/27,Lido,Yes,1,No,No,No,No,Yes,2023,Ebook,Romance,Internacional,Não Traduzido,No,,,
Yes,Joyland,⭐️⭐️⭐️,Suma,Stephen King,Homem,Usa,Portugues,2023/04/16,Lido,Yes,2,No,No,No,Yes,No,2022,Fisico,Suspense,Internacional,Traduzido,No,,,
Yes,Amor(es) Verdadeir(os),⭐️⭐️⭐️⭐️⭐️,Paralela,Taylor Jenkins Reid,Mulher,Usa,Portugues,2023/05/19,Lido,Yes,1,No,No,No,No,No,2023,Fisico,Romance,Internacional,Traduzido,No,,,
Yes,Uma mulher no escuro,⭐️⭐️⭐️⭐️⭐️,Companhias das Letras,Rafael Montes,Homem,Brasil,Portugues,2022/12/25,Lido,Yes,1,No,No,No,Yes,No,2022,Fisico,Suspense,Nacional,Traduzido,No,,,
Yes,A equação perfeita do amor,⭐️⭐️⭐️⭐️⭐️,Universo dos Livros,Christina Lauren,Mulher,Usa,Portugues,2022/12/12,Lido,Yes,,No,No,No,No,No,2022,Fisico,Romance,Internacional,,No,,,
Yes,Verity,⭐️⭐️⭐️⭐️,Galera,Collen Hoover,Mulher,Usa,Portugues,2022/09/28,Lido,Yes,,No,No,No,No,No,2022,Fisico,Romance,Internacional,Traduzido,No,,,
Yes,"Imperfeitos ",⭐️⭐️⭐️⭐️⭐️,Faro,Christina Lauren,Mulher,Usa,Portugues,2022/08/24,Lido,Yes,,No,No,No,No,No,2022,Fisico,Romance,Internacional,Traduzido,No,,,
Yes,Ela fica com a garota,⭐️⭐️⭐️⭐️⭐️,GloboAlt,"Alyson Derrick, Rachael Lippincott",Mulher,Usa,Portugues,2022/08/09,Lido,Yes,,No,No,No,No,No,2022,Fisico,Romance,Internacional,Traduzido,No,,,
Yes,Lendo de cabeça para baixo,⭐️⭐️,Fábrica231,Jo Peatt,Mulher,Inglaterra,Portugues,2022/06/30,Lido,No,,No,No,No,No,No,2022,Ebook,Romance,Internacional,,No,,,Mocinha da cidade grande vai para cidade pequena
Yes,Confesse,⭐️⭐️⭐️⭐️,Galera,Collen Hoover,Mulher,Usa,Portugues,2022/05/15,Lido,Yes,,No,No,No,No,No,2021,Fisico,Romance,Internacional,Traduzido,No,,,
Yes,A caminho do verão,⭐️⭐️⭐️⭐️,Id,Sarah Dessen,Mulher,Usa,Portugues,2022/04/14,Lido,Yes,,No,No,No,No,No,2022,Fisico,Romance,Internacional,Traduzido,No,,,
Yes," Os sete maridos de Evelyn Hugo",⭐️⭐️⭐️⭐️,Paralela,Taylor Jenkins Reid,Mulher,Usa,Portugues,2022/04/13,Lido,Yes,,No,No,No,No,No,2021,Fisico,Romance,Internacional,Traduzido,No,,,
Yes,"The love hypothesis ",⭐️⭐️⭐️⭐️⭐️,Arqueiro,Ali Hazelwood,Mulher,Usa,Portugues,2022/04/13,Lido,Yes,,No,No,No,No,No,2022,Fisico,Romance,Internacional,Traduzido,No,,,
Yes,"Entre estantes ",⭐️⭐️⭐️⭐️⭐️,Independente,Olívia Pilar,Mulher,Brasil,Portugues,2022/04/01,Lido,Yes,,No,No,No,No,No,2020,Ebook,Romance,Nacional,,No,,,
Yes,Até o verão acabar,⭐️⭐️⭐️⭐️⭐️,Galera,Collen Hoover,Mulher,Usa,Portugues,2022/03/01,Lido,Yes,,No,No,No,No,No,2021,Fisico,Romance,Internacional,Traduzido,No,,,
Yes,De Lukov com amor,⭐️⭐️⭐️⭐️,Charme,Mariana Zapata,Mulher,Usa,Portugues,2022/02/13,Lido,No,,No,No,No,No,No,2022,Ebook,Romance,Internacional,,No,,,
Yes,O resto da historia,⭐️⭐️⭐️⭐️,‎ HarperCollins,Sarah Dessen,Mulher,Usa,Portugues,2022/01/29,Lido,Yes,,No,No,No,No,No,2022,Ebook,Romance,Internacional,Traduzido,No,,,
Yes,Hacker,⭐️⭐️⭐️⭐️,Independente,Ray Tavares,Mulher,Brasil,Portugues,2021/12/28,Lido,No,,No,No,No,No,No,2021,Ebook,Romance,Nacional,,No,,,
Yes,Todas as suas (im)perfeições,⭐️⭐️⭐️⭐️,Galera,Collen Hoover,Mulher,Usa,Portugues,2021/12/26,Lido,Yes,,No,No,No,No,No,2021,Fisico,Romance,Internacional,Traduzido,No,,,
Yes,Motivos para não te encontrar,⭐️⭐️⭐️⭐️⭐️,Independente,Thais Bergmann,Mulher,Brasil,Portugues,2021/12/08,Lido,No,,No,No,No,No,No,2021,Ebook,Romance,Nacional,,No,,,
Yes,O lado feio do amor,⭐️⭐️⭐️,Galera,Collen Hoover,Mulher,Usa,Portugues,2021/11/26,Lido,Yes,,No,No,No,No,No,2021,Fisico,Romance,Internacional,Traduzido,No,,,
Yes,Os padrinhos,⭐️⭐️⭐️⭐️,Independente,Olivia Uviplais,Mulher,Brasil,Portugues,2021/11/24,Lido,No,,No,No,No,No,No,2021,Ebook,Romance,Nacional,,No,,,
Yes,Novembro 9,⭐️⭐️⭐️⭐️,Galera,Collen Hoover,Mulher,Usa,Portugues,2021/10/29,Lido,Yes,,No,No,No,No,No,2021,Fisico,Romance,Internacional,Traduzido,No,,,
Yes,Sombra e Ossos,⭐️⭐️⭐️,Planeta Minotauro,Leigh Bardugo,Mulher,Usa,Portugues,2021/10/21,"Doado, Lido",No,,No,No,No,No,Yes,2021,Fisico,Fantasia,Internacional,Traduzido,No,,,
Yes,Nuca Jamais - III,⭐️⭐️⭐️,Galera,"Collen Hoover, Tarryn Fisher",Mulher,Usa,Portugues,2021/10/13,Lido,Yes,,No,No,No,No,Yes,2021,Fisico,Romance,Internacional,Traduzido,No,,,
Yes,Nuca Jamais - II,⭐️⭐️⭐️⭐️,Galera,"Collen Hoover, Tarryn Fisher",Mulher,Usa,Portugues,2021/10/13,Lido,Yes,,No,No,No,No,No,2021,Fisico,Romance,Internacional,Traduzido,No,,,
Yes,Nuca Jamais - I,⭐️⭐️⭐️⭐️⭐️,Galera,"Collen Hoover, Tarryn Fisher",Mulher,Usa,Portugues,2021/10/13,Lido,Yes,,No,No,No,No,No,2021,Fisico,Romance,Internacional,Traduzido,No,,,
Yes,O erro,⭐️⭐️⭐️,Paralela,Elle Kennedy,Mulher,Usa,Portugues,2021/10/08,Lido,Yes,,No,No,No,No,Yes,2021,Fisico,Romance,Internacional,Traduzido,No,,,
Yes,O acordo,⭐️⭐️⭐️,Paralela,Elle Kennedy,Mulher,Usa,Portugues,2021/10/08,Lido,Yes,,No,No,No,No,Yes,2021,Fisico,Romance,Internacional,Traduzido,No,,,
Yes,Rainhas Geek,⭐️⭐️⭐️⭐️,Planeta Minotauro,Jen Wilde,Mulher,Usa,Portugues,2021/10/08,Lido,Yes,,No,No,No,No,No,2021,Fisico,Romance,Internacional,Traduzido,No,,,
Yes,Tudo e Todas as Coisas,⭐️⭐️⭐️⭐️⭐️,Arqueiro,Nicola Yoon,Mulher,Usa,Portugues,2017/10/19,Lido,No,,No,No,No,No,No,,Fisico,Romance,Internacional,,No,,,
Yes,O Menino Que Se Alimentava de Pesadelos,⭐️⭐️⭐️⭐️⭐️,intrínseca,Jo Yong,Mulher,Coreia,Portugues,,Lido,Yes,,No,No,No,No,No,2021,Fisico,Infanto Juvenil,Internacional,Traduzido,No,,,
Yes,"Quando a noite cai ",⭐️⭐️⭐️,Verus,Carina Rissi,Mulher,Brasil,Portugues,2020/08/13,Lido,Yes,,No,No,No,No,No,2020,Fisico,Romance,Nacional,Traduzido,No,,,
Yes,Procura-se um Marido,⭐️⭐️⭐️⭐️⭐️,Verus,Carina Rissi,Mulher,Brasil,Portugues,,Lido,Yes,,No,No,No,No,No,2020,Fisico,Romance,Nacional,Traduzido,No,,,
Yes,No mundo da Luna,⭐️⭐️⭐️⭐️⭐️,Verus,Carina Rissi,Mulher,Brasil,Portugues,,Lido,Yes,,No,No,No,No,No,2019,Fisico,Romance,Nacional,Traduzido,No,,,
Yes,"Mentira perfeita ",⭐️⭐️⭐️⭐️⭐️,Verus,Carina Rissi,Mulher,Brasil,Portugues,,Lido,Yes,,No,No,No,No,No,2020,Fisico,Romance,Nacional,Traduzido,No,,,
Yes,Perdida,⭐️⭐️⭐️,Verus,Carina Rissi,Mulher,Brasil,Portugues,2017/08/13,Lido,No,,No,No,No,No,Yes,2017,Ebook,Romance,Nacional,Traduzido,No,,,
Yes,Encontrada,⭐️⭐️⭐️,Verus,Carina Rissi,Mulher,Brasil,Portugues,2017/04/13,Lido,No,,No,No,No,No,Yes,2017,Ebook,Romance,Nacional,Traduzido,No,,,
Yes,Instrumentos Mortais - Cidade dos Ossos,⭐️⭐️⭐️,Galera,Cassandra Clare,Mulher,Usa,Portugues,2017/08/13,Lido,Yes,,No,No,No,No,Yes,2018,Fisico,Fantasia,Internacional,Traduzido,No,,,
Yes,Instrumentos Mortais Cidade do Fogo Celestial,,Galera,Cassandra Clare,Mulher,Usa,Portugues,,Não começado,Yes,,No,No,No,No,Yes,2018,Fisico,Fantasia,Internacional,Traduzido,No,,,
Yes,Instrumentos Mortais Cidade dos anjos caidos,,Galera,Cassandra Clare,Mulher,Usa,Portugues,,Não começado,Yes,,No,No,No,No,Yes,2018,Fisico,Fantasia,Internacional,Traduzido,No,,,
Yes,Instrumentos Mortais Cidade das Almas Perdidas,,Galera,Cassandra Clare,Mulher,Usa,Portugues,,Não começado,Yes,,No,No,No,No,Yes,2018,Fisico,Fantasia,Internacional,Traduzido,No,,,
Yes,Instrumentos Mortais Cidade de vidro,,Galera,Cassandra Clare,Mulher,Usa,Portugues,,Abandonado,Yes,,No,No,No,No,Yes,2018,Fisico,Fantasia,Internacional,Traduzido,No,,,
Yes,"Em busca de cinderela ",,Galera,Collen Hoover,Mulher,Usa,Portugues,,Não começado,Yes,,No,No,No,No,No,2022,Fisico,Romance,Internacional,Traduzido,No,,,
Yes,É assim que acaba,⭐️⭐️⭐️⭐️⭐️,Galera,Collen Hoover,Mulher,Usa,Portugues,,Lido,Yes,,No,No,No,No,No,2021,Fisico,Romance,Internacional,Traduzido,No,,,
Yes,"Uma segunda chance ",,Galera,Collen Hoover,Mulher,Usa,Portugues,,Em pausa,Yes,,No,No,No,No,No,2022,Fisico,Romance,Internacional,Traduzido,No,,,
Yes,Tarde demais,,Galera,Collen Hoover,Mulher,Usa,Portugues,,Não começado,Yes,,No,No,No,No,No,2021,Fisico,Romance,Internacional,Traduzido,No,,,
Yes,"Se não fosse você ",,Galera,Collen Hoover,Mulher,Usa,Portugues,,Não começado,Yes,,No,No,No,Yes,No,2022,Fisico,Romance,Internacional,Traduzido,No,,,
Yes,Métrica,,Galera,Collen Hoover,Mulher,Usa,Portugues,,Em pausa,Yes,,No,No,No,No,No,2022,Fisico,Romance,Internacional,Traduzido,No,,,
Yes,Layla,,Galera,Collen Hoover,Mulher,Usa,Portugues,,Em pausa,Yes,,No,No,No,Yes,No,2021,Fisico,Romance,Internacional,Traduzido,No,,,
Yes,Serviço de atendimento a corações partidos,⭐️⭐️⭐️⭐️,Melhoramentos,Giulia Paim,Mulher,Brasil,Portugues,,Lido,Yes,,No,No,No,No,No,2021,Fisico,Romance,Nacional,Traduzido,No,,,
Yes,Boston Boys,⭐️⭐️⭐️⭐️,GloboAlt,Giulia Paim,Mulher,Brasil,Portugues,,Lido,Yes,,No,No,No,No,Yes,2018,Fisico,Romance,Nacional,Traduzido,No,,,
Yes,Boston Boys II,⭐️⭐️⭐️⭐️,GloboAlt,Giulia Paim,Mulher,Brasil,Portugues,,Lido,Yes,,No,No,No,No,Yes,2018,Fisico,Romance,Nacional,Traduzido,No,,,
Yes,Boston Boys III,⭐️⭐️⭐️,Melhoramentos,Giulia Paim,Mulher,Brasil,Portugues,,Lido,Yes,,No,No,No,No,Yes,2021,Fisico,Romance,Nacional,Traduzido,No,,,
No,Penumbra,,Leya,André Vianco,Homem,Brasil,Portugues,,Doado,No,,No,No,No,No,No,?,Fisico,Suspense,Nacional,Traduzido,No,,,
Yes,She drives me crazy,,Roaring Brook Press,Kelly Quindlen,Mulher,Usa,Ingles,,Não começado,Yes,,No,No,No,No,No,2023,Fisico,Romance,Internacional,,No,,,
Yes,"Uma rosa no concreto ",,Galera,Angie Thomas,Mulher,Usa,Portugues,,Não começado,Yes,,No,No,No,No,No,2022,Fisico,Romance,Internacional,Traduzido,No,,,
Yes,"Na hora da virada ",,Galera,Angie Thomas,Mulher,Usa,Portugues,,Não começado,Yes,,No,No,No,No,No,2022,Fisico,Romance,Internacional,Traduzido,No,,,
Yes,Never Kiss Your Roommate,,Wattpad Books,Philline Harms,Mulher,Usa,Ingles,,Não começado,Yes,,No,No,No,No,No,2023,Fisico,Romance,Internacional,Não Traduzido,No,,Lgbt - Safico,
Yes,Misery: Louca obsessão,,Suma,Stephen King,Homem,Usa,Portugues,,Em pausa,Yes,,No,No,No,No,No,2023,Fisico,Suspense,Internacional,Traduzido,No,,,
Yes,Uma Pitada de sorte,⭐️⭐️⭐️⭐️,Independente,G. B. Baldassari,Mulher,Brasil,Portugues,2023/07/10,Lido,No,1,Yes,No,No,No,No,2023,Ebook,Romance,Nacional,Na,No,332,Lgbt - Safico,
Yes,Os Segredos de Colin Bridgerton,⭐️⭐️⭐️⭐️,Arqueiro,Julia Quin,Mulher,Usa,Portugues,,Lido,No,,No,No,No,No,Yes,,Ebook,Romance,Internacional,Traduzido,No,,,
Yes,Um perfeito cavaleiro,⭐️⭐️⭐️⭐️,Arqueiro,Julia Quin,Mulher,Usa,Portugues,,Lido,No,,No,No,No,No,Yes,,Ebook,Romance,Internacional,Traduzido,No,,,
Yes,A Garota do Banco de Trás,⭐️⭐️⭐️⭐️⭐️,Independente,Mary C. Müller,Mulher,Brasil,Portugues,,Lido,No,,No,No,No,No,No,,Ebook,Romance,Nacional,,No,,,
No,Dias Perfeitos,,Companhias das Letras,Raphael Montes,Homem,Brasil,Portugues,,Lendo,Yes,,No,No,No,No,No,2023,Ebook,Suspense,Nacional,,No,,,
Yes,Desventuras quase românticas de um festival,,Gutenberg,Babi Dewet,Mulher,Brasil,Portugues,,Não começado,Yes,,No,No,No,No,No,2022,Fisico,Romance,Nacional,Traduzido,No,,,
No,Nem todos os beijos têm gosto de inverno,,Independente,Yasmim Mahmud Kader,Mulher,Brasil,Portugues,,Lendo,Yes,,No,No,No,No,No,2023,Ebook,Romance,Nacional,Na,No,,Lgbt - Safico,
Yes,Cool for the summer,,GloboAlt,Dahlia Adler,Mulher,Usa,Portugues,,"Doado, Não começado",No,,No,No,No,No,No,2022,Fisico,Romance,Internacional,Traduzido,No,,,
Yes,Um homem chamado Ove,,Rocco,Fredrik Backman,Homem,Suécia,Portugues,,Não começado,Yes,,No,No,No,No,No,2023,Fisico,Ficção humorística,Internacional,Traduzido,No,,,
Yes,Jogos de Herença,,GloboAlt,Jennifer Lynn Barnes,Mulher,Usa,Portugues,,Não começado,Yes,,No,No,No,Yes,No,2022,Fisico,Romance,Internacional,Traduzido,No,,,
Yes,Cartas para Martin,,intrínseca,Nic Stone,Mulher,Usa,Portugues,,Não começado,Yes,,No,No,No,No,No,2022,Fisico,Romance,Internacional,Traduzido,No,,,
Yes,Gay de Familia,,Paralela,Flipe Fagundes,Homem,Brasil,Portugues,,Não começado,Yes,,No,No,No,No,No,2023,Fisico,Romance,Nacional,,No,,,
Yes,Delilah Green não está nem ai,⭐️⭐️⭐️⭐️⭐️,Arqueiro,Ashley Herring Blake,Mulher,Usa,Portugues,2023/06/19,Lido,Yes,1,No,No,No,No,No,2023,Fisico,Romance,Internacional,Traduzido,No,,Lgbt - Safico,
Yes,O Iluminado,,Suma,Stephen King,Homem,Usa,Portugues,,Não começado,Yes,,No,No,No,Yes,No,2022,Fisico,Suspense,Internacional,Traduzido,No,,,
Yes,Os dois morrem no final,,intrínseca,Adam Silvera,Homem,Usa,Portugues,,Não começado,Yes,,No,No,No,Yes,No,2021,Fisico,Romance,Internacional,Traduzido,No,,,
No,O sonho de Eva,,Novas paginas,Chico Anes,Homem,Brasil,Portugues,,Doado,No,,No,No,No,No,No,?,Fisico,Distopia,Nacional,Traduzido,No,,,
Yes,Os 12 signos de Valentina,,Galera,Ray Tavares,Mulher,Brasil,Portugues,,Em pausa,Yes,,No,No,No,No,No,2020,Fisico,Romance,Nacional,Traduzido,No,,,
Yes,Someone Like You,,Turtleback Books,Sarah Dessen,Mulher,Usa,Ingles,,Não começado,Yes,,No,No,No,Yes,No,2022,Fisico,Romance,Internacional,Não Traduzido,No,,,
Yes,The Truth About Forever,,‎ Perfection Learning,Sarah Dessen,Mulher,Usa,Ingles,,Não começado,Yes,,No,No,No,Yes,No,2022,Fisico,Romance,Internacional,Não Traduzido,No,,,
Yes,O Que Aconteceu com Adeus,,Id,Sarah Dessen,Mulher,Usa,Portugues,,Não começado,Yes,,No,No,No,No,No,2022,Fisico,Romance,Internacional,Traduzido,No,,,
Yes,Só escute,⭐️⭐️⭐️⭐️⭐️,Seguinte,Sarah Dessen,Mulher,Usa,Portugues,,Lido,Yes,,No,No,No,No,No,2017,Fisico,Romance,Internacional,Traduzido,No,,,
Yes,Uma Canção de Ninar,⭐️⭐️⭐️⭐️⭐️,Seguinte,Sarah Dessen,Mulher,Usa,Portugues,,Lido,Yes,,No,No,No,No,No,2016,Fisico,Romance,Internacional,Traduzido,No,,,
Yes,Os bons segredos,⭐️⭐️⭐️⭐️⭐️,Seguinte,Sarah Dessen,Mulher,Usa,Portugues,,Lido,Yes,,No,No,No,No,No,2019,Fisico,Romance,Internacional,Traduzido,No,,,
No,Lock And Key,,Speak,Sarah Dessen,Mulher,Usa,Ingles,,Não começado,No,,No,No,No,No,No,,Fisico,Romance,Internacional,Não Traduzido,No,,,
No,Once and for all,,,Sarah Dessen,Mulher,Usa,Ingles,,,No,,No,No,No,No,No,,,Romance,Internacional,Não Traduzido,No,,,
No,Infinity,,,Sarah Dessen,Mulher,Usa,Ingles,,,No,,No,No,No,No,No,,,Romance,Internacional,Não Traduzido,No,,,
No,The Moon And More,,Speak,Sarah Dessen,Mulher,Usa,Ingles,,Não começado,No,,No,No,No,No,No,,Fisico,Romance,Internacional,Não Traduzido,No,,,
No,Keepping The Moon,,Speak,Sarah Dessen,Mulher,Usa,Ingles,,Não começado,Yes,,No,No,No,No,No,,Fisico,Romance,Internacional,Não Traduzido,No,,,
Yes,I think I love you,⭐️⭐️⭐️,Underline,Auriene Desombre,Mulher,Usa,Ingles,2023/07/27,Lido,Yes,1,No,No,No,No,No,2023,Fisico,Romance,Internacional,Não Traduzido,No,309,Lgbt - Safico,
Yes,O homem que foi para Marte porque queria ficar sozinho,⭐️⭐️⭐️⭐️⭐️,Record,David M. Barnett,Homem,Inglaterra,Portugues,2023/08/28,Lido,Yes,1,No,No,No,No,No,2023,Fisico,Ficção Científica,Internacional,Traduzido,No,346,,
Yes,O pior padrinho da Noiva,⭐️⭐️⭐️,Harlequin,Mia Sosa,Mulher,Usa,Portugues,2023/09/08,Lido,Yes,,No,No,No,No,No,2023,Fisico,Romance,Internacional,Traduzido,No,,,
Yes,Para sempre interrompido,⭐️⭐️⭐️⭐️⭐️,Paralela,Taylor Jenkins Reid,Mulher,Usa,Portugues,2024/02/12,Lido,Yes,,No,No,No,No,No,2023,Fisico,Romance,Internacional,Traduzido,No,,,
Yes,Um salto para o amor,,Harlequin,Aione Simões,Mulher,Brasil,Portugues,,Não começado,Yes,,No,No,No,No,No,2023,Fisico,Romance,Internacional,,No,,,
Yes,Uma segunda chance,,Faro,Christina Lauren,Mulher,Usa,Portugues,,Não começado,Yes,,No,No,No,No,No,2023,Fisico,Romance,Internacional,,No,,,
Yes,Nada fica no passado,,Faro,Jennifer  Hillier,Mulher,Canada,Portugues,,"Abandonado, Doado",No,,No,No,No,No,No,2023,Fisico,Suspense,Internacional,,No,,,
Yes,De Férias com Você,⭐️⭐️⭐️⭐️,Verus,Emily Henry,Mulher,Usa,Portugues,2024/01/17,Lido,Yes,1,No,No,No,No,No,2023,Fisico,Romance,Internacional,,No,,,
No,Dreamland,,,Sarah Dessen,Mulher,Usa,Ingles,,,No,,No,No,No,No,No,,,Romance,Internacional,Não Traduzido,No,,,
Yes,Daisy Jones & The Six,,Paralela,Taylor Jenkins Reid,Mulher,Usa,Portugues,,Em pausa,Yes,,No,No,No,No,No,2021,Fisico,Romance,Internacional,Traduzido,No,,,
No,Pânico,,Verus,Lauren Oliver,Mulher,Usa,Portugues,,Lendo,No,,No,No,No,No,No,2021,Ebook,Distopia,Internacional,,No,354,,
Yes,Como agarrar uma herdeira,,Arqueiro,Julia Quin,Mulher,Usa,Portugues,,Não começado,Yes,,No,No,No,No,No,2021,Fisico,Romance,Internacional,Traduzido,No,,,
Yes,O duque e eu,⭐️⭐️⭐️,Arqueiro,Julia Quin,Mulher,Usa,Portugues,,Lido,Yes,,No,No,No,No,Yes,2020,Fisico,Romance,Internacional,Traduzido,No,,,
Yes,A razão do amor,⭐️⭐️⭐️⭐️⭐️,Arqueiro,Ali Hazelwood,Mulher,Usa,Portugues,2024/03/11,Lido,Yes,1,No,No,No,No,No,2023,Fisico,Romance,Internacional,Traduzido,No,,,
Yes,O visconde que me amava,⭐️⭐️⭐️⭐️⭐️,Arqueiro,Julia Quin,Mulher,Usa,Portugues,,Lido,Yes,,No,No,No,No,Yes,2021,Fisico,Romance,Internacional,Traduzido,No,,,
Yes,"Para Sir Phillip, com amor",,Arqueiro,Julia Quin,Mulher,Usa,Portugues,,Em pausa,Yes,,No,No,No,No,Yes,2021,Fisico,Romance,Internacional,Traduzido,No,,,
Yes,Vermelho Branco e Sangue Azul,,Seguinte,Casey McQuiston,Mulher,Usa,Portugues,,"Doado, Não começado",No,,No,No,No,Yes,No,2022,Fisico,Romance,Internacional,Traduzido,No,,,
Yes,Sua Alteza Real,,GloboAlt,Rachel Hawkins,Mulher,Usa,Portugues,,"Doado, Não começado",No,,No,No,No,No,No,2022,Fisico,Romance,Internacional,Traduzido,No,,,
Yes,Como Sobreviver a realeza,,GloboAlt,Rachel Hawkins,Mulher,Usa,Portugues,,"Doado, Em pausa",No,,No,No,No,No,No,2022,Fisico,Romance,Internacional,Traduzido,No,,,
Yes,Querido Ex,,Galera,Juan Jullian,Homem,Brasil,Portugues,,Não começado,Yes,,No,No,No,Yes,No,2022,Fisico,Romance,Nacional,Traduzido,No,,,
Yes,O jogo,,Paralela,Elle Kennedy,Mulher,Usa,Portugues,,Não começado,Yes,,No,No,No,No,Yes,2021,Fisico,Romance,Internacional,Traduzido,No,,,
Yes,Sol e Tormenta,,Planeta Minotauro,Leigh Bardugo,Mulher,Usa,Portugues,,"Doado, Não começado",No,,No,No,No,Yes,Yes,2022,Fisico,Fantasia,Internacional,Traduzido,No,,,
No,O Natal de Poirot,,‎ HarperCollins,Agatha Christie,Mulher,Inglaterra,Portugues,,Doado,No,,No,No,No,No,No,2018,Fisico,Mistério,Internacional,Traduzido,No,,,
No,"Assassinato no Expresso Oriente ",,‎ HarperCollins,Agatha Christie,Mulher,Inglaterra,Portugues,,Doado,No,,No,No,No,No,No,2017,Fisico,Mistério,Internacional,Traduzido,No,,,
No,A rebelde do deserto,,Seguinte,Alwyn Hamilton,Mulher,Canada,Portugues,,Doado,No,,No,No,No,No,No,?,Fisico,"Fantasia, Romance",Internacional,Traduzido,No,,,
Yes," Britt-Marie esteve aqui: Marie esteve aqui",⭐️⭐️⭐️⭐️⭐️,Fabrica231,Fredrik Backman,Homem,Suécia,Portugues,2023/11/03,Lido,Yes,2,No,No,No,No,No,2023,Fisico,Ficção humorística,Internacional,Traduzido,No,304,,
Yes,Bunny,⭐️⭐️⭐️⭐️,GloboLivros,Mona Awad,Mulher,Canada,Portugues,2024/07/23,Lido,Yes,1,No,No,No,No,No,2024,Fisico,Suspense,Internacional,Traduzido,No,333,,
Yes,Carrie,⭐️⭐️⭐️⭐️⭐️,Suma,Stephen King,Homem,Usa,Portugues,2024/01/12,Lido,Yes,1,No,No,No,No,No,2024,Fisico,Suspense,Internacional,Traduzido,No,200,,
Yes,Boa noite,⭐️⭐️⭐️⭐️⭐️,Galera,Pam Gonçalves,Mulher,Brasil,Portugues,,Lido,Yes,,No,No,No,No,No,2024,Fisico,Romance,Nacional,Na,No,240,,
No,As coisas que eu não disse,,Rocco,Babi Dewet,Mulher,Brasil,Portugues,,Não começado,Yes,,No,No,No,No,No,2024,Fisico,Romance,Nacional,Na,No,416,,
No,The american Rommate Experiment,,Simon & Schuster,Elena Armas,Mulher,Espanha,Ingles,,Abandonado,Yes,,No,No,No,No,No,2024,Fisico,Romance,Internacional,Não Traduzido,No,416,,
No,Salem,,Suma,Stephen King,Homem,Usa,Portugues,,Em pausa,Yes,1,No,No,No,No,No,2024,Fisico,Suspense,Internacional,Traduzido,No,464,,
Yes," Pequeno príncipe ",,Garnier,Antoine de Saint-Exupéri,Homem,França,Portugues,,Não começado,Yes,,No,No,No,No,No,?,Fisico,,Internacional,Traduzido,No,,,
Yes,A Rosa Branca,,Leya,Amy Ewing,Mulher,Usa,Portugues,,Doado,No,,No,No,No,No,Yes,?,Fisico,"Distopia, Romance",Internacional,Traduzido,No,,,
No,A Joia,⭐️⭐️⭐️,Leya,Amy Ewing,Mulher,Usa,Portugues,,Doado,No,,No,No,No,No,Yes,?,Fisico,"Distopia, Romance",Internacional,Traduzido,No,,,
No,"A pequena livraria dos corações solitários ",⭐️,Verus,Annie Darling,Mulher,Inglaterra,Portugues,,Doado,No,,No,No,No,No,No,2019,Fisico,Romance,Internacional,Traduzido,No,,,
Yes,"Foi assim que tudo explodiu ",,GloboAlt,Arvin Ahmadi,Homem,Usa,Portugues,,"Doado, Em pausa",No,,No,No,No,No,No,2020,Fisico,Romance,Internacional,Traduzido,No,,,
Yes,Caminho das sombras,,Arqueiro,Brent Weeks,Homem,Usa,Portugues,,Doado,No,,No,No,No,No,No,?,Fisico,,Internacional,Traduzido,No,,,
Yes,Sábado a noite dos bailes para a fama,⭐️⭐️⭐️⭐️,Generale,Babi Dewet,Mulher,Brasil,Portugues,,Lido,Yes,,No,No,No,No,Yes,2018,Fisico,Romance,Nacional,Traduzido,No,,,
Yes,Sábado a noite com amor e música,⭐️⭐️⭐️,Generale,Babi Dewet,Mulher,Brasil,Portugues,2018/08/14,Lido,Yes,,No,No,No,No,Yes,2018,Fisico,Romance,Nacional,Traduzido,No,,,
Yes,Sábado a noite,⭐️⭐️⭐️⭐️⭐️,Generale,Babi Dewet,Mulher,Brasil,Portugues,,Lido,Yes,,No,No,No,No,Yes,2018,Fisico,Romance,Nacional,Traduzido,No,,,
Yes,Sonata em punk rock,⭐️⭐️⭐️⭐️⭐️,Gutenberg,Babi Dewet,Mulher,Brasil,Portugues,,Lido,Yes,,No,No,No,No,Yes,2018,Fisico,Romance,Nacional,Traduzido,No,,,
Yes,13 segundos,⭐️⭐️⭐️,Galera,Bel Rodrigues,Mulher,Brasil,Portugues,,Lido,Yes,,No,No,No,No,No,2018,Fisico,Romance,Nacional,Traduzido,No,,,
Yes,"Teto para dois ",⭐️⭐️⭐️,intrínseca,Beth O'leary,Mulher,Inglaterra,Portugues,2020/08/13,Lido,Yes,,No,No,No,No,No,2019,Fisico,Romance,Internacional,Traduzido,No,,,
Yes,Conectadas,,Seguinte,Clara Alves,Mulher,Brasil,Portugues,,Em pausa,Yes,,No,No,No,No,No,2021,Fisico,Romance,Nacional,Traduzido,No,,,
Yes,Mentirosos,⭐️⭐️⭐️,Seguinte,E Lockhart,Mulher,Usa,Portugues,,Lido,Yes,,No,No,No,No,No,2017,Fisico,Mistério,Internacional,Traduzido,No,,,
Yes,Escuridão,,Suma de Letras,Elena P. Melodia,Mulher,Italia,Portugues,,Doado,No,,No,No,No,No,No,2018,Fisico,"Mistério, Romance",Internacional,Traduzido,No,,,
Yes,Beijos de Vampiros,,Moderna,Ellen Schreiben,Mulher,Usa,Portugues,,Doado,No,,No,No,No,No,No,2021,Fisico,"Fantasia, Romance",Internacional,Traduzido,No,,,
Yes,Armada,,Leya,Ernest Cline,Homem,Usa,Portugues,,Doado,No,,No,No,No,No,No,?,Fisico,Ficção Cientifica,Internacional,Traduzido,No,,,
No,Um ano inesquecível,,Gutenberg,"Babi Dewet, Paula Pimenta",Mulher,Brasil,Portugues,,Não começado,Yes,,Yes,No,No,No,No,2023,Ebook,Romance,Nacional,,No,419,,
Yes,1984,,Tricaju,George Orwell,Homem,Inglaterra,Portugues,,Não começado,Yes,,No,No,No,No,No,2021,Fisico,Distopia,Internacional,Traduzido,No,,,
Yes,Garota exemplar,,intrínseca,Gillian Flynn,Mulher,Usa,Portugues,,Doado,No,,No,No,No,No,No,2019,Fisico,Suspense,Internacional,Traduzido,No,,,
Yes,Razão e sensibilidade,,Martin Claret,Jane Austen,Mulher,Inglaterra,Portugues,,Não começado,Yes,,No,No,No,No,Yes,2018,Fisico,"Classico, Romance",Internacional,Traduzido,No,,,
Yes,Orgulho e Preconceito,⭐️⭐️⭐️⭐️⭐️,Martin Claret,Jane Austen,Mulher,Inglaterra,Portugues,,Lido,Yes,,No,No,No,No,Yes,2018,Fisico,"Classico, Romance",Internacional,Traduzido,No,,,
Yes,Persuasão,,Martin Claret,Jane Austen,Mulher,Inglaterra,Portugues,,Não começado,Yes,,No,No,No,No,Yes,2018,Fisico,"Classico, Romance",Internacional,Traduzido,No,,,
Yes,O futuro de nós dois,,Galera,"Carolyn Mackler, Jay Asher",Homem,Usa,Portugues,,"Doado, Não começado",No,,No,No,No,No,No,2022,Fisico,Romance,Internacional,Traduzido,No,,,
Yes,Shine,,intrínseca,Jessica Jung,Mulher,Coreia,Portugues,,"Doado, Em pausa",No,,No,No,No,No,No,2021,Fisico,Romance,Internacional,Traduzido,No,,,
Yes,Tartarugas até lá embaixo,⭐️⭐️⭐️⭐️,intrínseca,John Green,Homem,Usa,Portugues,,Lido,Yes,,No,No,No,No,No,2017,Fisico,Romance,Internacional,Traduzido,No,,,
No,Harry Potter e o Prisioneiro de Azkaban,⭐️⭐️⭐️⭐️⭐️,Rocco,Jk Rolling,Mulher,Inglaterra,Portugues,,Lido,Yes,,No,No,No,No,Yes,2015,Fisico,Fantasia,Internacional,Traduzido,No,,,
Yes,Harry Potter e o Cálice de Fogo,⭐️⭐️⭐️⭐️⭐️,Rocco,Jk Rolling,Mulher,Inglaterra,Portugues,,Lido,Yes,,No,No,No,No,Yes,2015,Fisico,Fantasia,Internacional,Traduzido,No,,,
Yes,Harry Potter e o Enigma do Principe,⭐️⭐️⭐️⭐️⭐️,Rocco,Jk Rolling,Mulher,Inglaterra,Portugues,,Lido,Yes,,No,No,No,No,Yes,2015,Fisico,Fantasia,Internacional,Traduzido,No,,,
Yes,Harry Potter e as Relíquias da Morte,⭐️⭐️⭐️⭐️⭐️,Rocco,Jk Rolling,Mulher,Inglaterra,Portugues,,Lido,Yes,,No,No,No,No,Yes,2015,Fisico,Fantasia,Internacional,Traduzido,No,,,
Yes,"Os contos de Bedle, o Bardo",⭐️⭐️⭐️⭐️⭐️,Rocco,Jk Rolling,Mulher,Inglaterra,Portugues,,Lido,Yes,,No,No,No,No,Yes,2015,Fisico,Fantasia,Internacional,Traduzido,No,,,
Yes,Mortos não contam segredos,,Galera,Karen M. McManus,Mulher,Usa,Portugues,,Não começado,Yes,,No,No,No,No,No,2019,Fisico,Mistério,Internacional,Traduzido,Yes,,,
Yes,Os primos,,Galera,Karen M. McManus,Mulher,Usa,Portugues,,Não começado,Yes,,No,No,No,Yes,No,2021,Fisico,Mistério,Internacional,Traduzido,No,,,
Yes,Amber House,,Jangada,"Kelly Moose, Larkin Reed, Tucker Reed",Mulher,Usa,Portugues,,Doado,No,,No,No,No,No,No,?,Fisico,Mistério,Internacional,Traduzido,No,,,
Yes,A amiga genial,,Biblioteca Azul,Elena Ferrante,Mulher,Italia,Portugues,,Em pausa,Yes,,No,No,No,No,No,2022,Fisico,Romance,Internacional,Traduzido,No,,,
Yes,A Batalha do Labirinto - Percy Jackson e os Olimpianos - 4,⭐️⭐️⭐️⭐️,intrínseca,Rick Riordan,Homem,Usa,Portugues,,Lido,Yes,,No,No,No,No,Yes,2016,Fisico,Fantasia,Internacional,Traduzido,No,,,
Yes,A Biblioteca da meia-noite,,Bertrand,Matt Haig,Homem,Inglaterra,Portugues,,Não começado,Yes,,No,No,No,Yes,No,2022,Fisico,"Romance, Suspense",Internacional,Traduzido,No,,,
Yes,A Casa de Hades - Série Os Heróis do Olimpo - 4,,intrínseca,Rick Riordan,Homem,Usa,Portugues,,Abandonado,Yes,,No,No,No,No,Yes,2016,Fisico,Fantasia,Internacional,Traduzido,No,,,
Yes,A Coroa,⭐️,Seguinte,Kiera Cass,Mulher,Usa,Portugues,,Lido,Yes,,No,No,No,No,Yes,2016,Fisico,Romance Distopico,Internacional,Traduzido,No,,,
Yes,A Elite,⭐️⭐️⭐️,Seguinte,Kiera Cass,Mulher,Usa,Portugues,,Lido,Yes,,No,No,No,No,Yes,2015,Fisico,Romance Distopico,Internacional,Traduzido,No,,,
Yes,A Escolha,⭐️⭐️⭐️,Seguinte,Kiera Cass,Mulher,Usa,Portugues,,Lido,Yes,,No,No,No,No,Yes,2015,Fisico,Romance Distopico,Internacional,Traduzido,No,,,
Yes,A esperança,,Rocco,Suzanne Collins,Mulher,Usa,Portugues,,Abandonado,Yes,,No,No,No,No,Yes,2016,Fisico,Distopia,Internacional,Traduzido,No,,,
Yes,A Guerra da Rainha Vermelha - Vol. 1: Prince of Fools,,DarkSide,Mark Lawrence,Homem,Usa,Portugues,,Não começado,Yes,,No,No,No,No,Yes,2021,Fisico,Fantasia,Internacional,Traduzido,No,,,
Yes,A Herdeira,⭐️⭐️,Seguinte,Kiera Cass,Mulher,Usa,Portugues,,Lido,Yes,,No,No,No,No,Yes,2015,Fisico,Romance Distopico,Internacional,Traduzido,No,,,
Yes,A lista de convidados,,intrínseca,Lucy Foley,Mulher,Inglaterra,Portugues,,Em pausa,Yes,,No,No,No,No,No,2022,Fisico,Suspense,Internacional,Traduzido,No,,,
Yes,A Maldição do Titã - Percy Jackson e os Olimpianos - 3,⭐️⭐️⭐️,intrínseca,Rick Riordan,Homem,Usa,Portugues,,Lido,Yes,,No,No,No,No,Yes,2016,Fisico,Fantasia,Internacional,Traduzido,No,,,
Yes,A Marca de Atena - Série Os Heróis do Olimpo - 3,⭐️⭐️⭐️,intrínseca,Rick Riordan,Homem,Usa,Portugues,,Lido,Yes,,No,No,No,No,Yes,2016,Fisico,Fantasia,Internacional,Traduzido,No,,,
Yes,A prisão do rei,,Seguinte,Victoria Aveyard,Mulher,Usa,Portugues,,Abandonado,Yes,,No,No,No,No,Yes,2017,Fisico,Distopia,Internacional,Traduzido,No,,,
Yes,A Rainha vermelha,⭐️⭐️⭐️,Seguinte,Victoria Aveyard,Mulher,Usa,Portugues,,Lido,Yes,,No,No,No,No,Yes,2016,Fisico,Distopia,Internacional,Traduzido,No,,,
Yes,A revolução dos bichos,⭐️⭐️⭐️⭐️,Via Literatura,George Orwell,Homem,Inglaterra,Portugues,,Lido,Yes,,No,No,No,No,No,2021,Fisico,Distopia,Internacional,Traduzido,No,,,
Yes,A Seleção,⭐️⭐️⭐️,Seguinte,Kiera Cass,Mulher,Usa,Portugues,,Lido,Yes,,No,No,No,No,Yes,2015,Fisico,Romance Distopico,Internacional,Traduzido,No,,,
Yes,A Sereia,⭐️⭐️⭐️⭐️,Seguinte,Kiera Cass,Mulher,Usa,Portugues,,Lido,Yes,,No,No,No,No,No,2016,Fisico,Romance Distopico,Internacional,Traduzido,No,,,
Yes,A Prometida,,Seguinte,Kiera Cass,Mulher,Usa,Portugues,,Doado,No,,No,No,No,No,No,2020,Fisico,"Distopia, Romance",Internacional,Traduzido,No,,,
Yes,Duff,⭐️⭐️⭐️⭐️,GloboAlt,Kody Keplinger,Mulher,Usa,Portugues,,Lido,Yes,,No,No,No,No,No,2018,Fisico,Romance,Internacional,Traduzido,No,,,
Yes,Destinos e Fúrias,,intrínseca,Lauren Groff,Mulher,Usa,Portugues,,"Doado, Não começado",No,,No,No,No,No,No,2021,Fisico,Romance,Internacional,Traduzido,No,,,
Yes,Coração Perverso,,GloboAlt,Leisa Rayven,Mulher,Australia,Portugues,,"Doado, Não começado",No,,No,No,No,No,No,2021,Fisico,Romance,Internacional,Traduzido,No,,,
Yes,Starling,,Jangada,Lesley Livingston,Mulher,Canada,Portugues,,Doado,No,,No,No,No,No,No,?,Fisico,,Internacional,Traduzido,No,,,
Yes,Clube do Livro dos Homens,,Arqueiro,Lyssa Kay Adams,Mulher,Usa,Portugues,,Não começado,Yes,,No,No,No,No,No,2021,Fisico,Romance,Internacional,Traduzido,No,,,
Yes,Dom Casmurro,⭐️⭐️⭐️⭐️⭐️,Principis,Machado de Assis,Homem,Brasil,Portugues,,Lido,Yes,,No,No,No,No,No,2021,Fisico,"Classico, Romance",Nacional,Traduzido,No,,,
Yes,Memórias postumas de Brás Cubas,,Principis,Machado de Assis,Homem,Brasil,Portugues,,Não começado,Yes,,No,No,No,Yes,No,2021,Fisico,"Classico, Romance",Nacional,Traduzido,No,,,
Yes,Quincas Borba,,Principis,Machado de Assis,Homem,Brasil,Portugues,,Não começado,Yes,,No,No,No,No,No,2021,Fisico,"Classico, Romance",Nacional,Traduzido,No,,,
Yes,The Red Queen’s War - Vol. 1: Prince of Fools,,HarperVoyager,Mark Lawrence,Homem,Usa,Portugues,,Não começado,Yes,,No,No,No,No,Yes,2020,Fisico,Fantasia,Internacional,Traduzido,No,,,
Yes,Prince of Thorns (Trilogia dos Espinhos Livro 1),,DarkSide,Mark Lawrence,Homem,Usa,Portugues,,Em pausa,Yes,,No,No,No,No,Yes,2019,Fisico,Fantasia,Internacional,Traduzido,No,,,
Yes,CONTRA TODAS AS PROBABILIDADES DO AMOR,,Faro,Rebekah Crane,Mulher,Usa,Portugues,,Não começado,Yes,,No,No,No,No,No,2020,Fisico,Romance,Internacional,Traduzido,No,,,
Yes,King of Thorns (Trilogia dos Espinhos Livro 2),,DarkSide,Mark Lawrence,Homem,Usa,Portugues,,Não começado,Yes,,No,No,No,No,Yes,2020,Fisico,Fantasia,Internacional,Traduzido,No,,,
Yes,The Kiss of Deception - Crônicas de Amor e Ódio - Vol. 1,⭐️⭐️⭐️⭐️,DarkSide,Mary Pearson,Mulher,Usa,Portugues,,Lido,Yes,,No,No,No,No,Yes,2017,Fisico,Fantasia,Internacional,Traduzido,No,,,
Yes,"The Heart of Betrayal - Crônicas de Amor e Ódio, Volume 2",⭐️⭐️⭐️⭐️⭐️,DarkSide,Mary Pearson,Mulher,Usa,Portugues,,Lido,Yes,,No,No,No,No,Yes,2018,Fisico,Fantasia,Internacional,Traduzido,No,,,
Yes,The Beauty of Darkness - Crônicas de Amor e Ódio - Vol. 3,,DarkSide,Mary Pearson,Mulher,Usa,Portugues,,Não começado,Yes,,No,No,No,Yes,Yes,2019,Fisico,Fantasia,Internacional,Traduzido,No,,,
Yes,Contato De Emergência,,intrínseca,Mary H. K. Choi,Mulher,Coreia,Portugues,,Não começado,Yes,,No,No,No,No,No,2019,Fisico,Romance,Internacional,Traduzido,Yes,,,
Yes,Revolução em mim,⭐️⭐️⭐️⭐️,Moderna,Marcia Kupstas,Mulher,Brasil,Portugues,,Lido,Yes,,No,No,No,No,No,2015,Fisico,Romance,Nacional,Traduzido,No,,,
Yes,A Queda De Lorde Drayson,,Pausa,Rachael Anderson,Mulher,Usa,Portugues,,Doado,No,,No,No,No,No,No,2020,Fisico,"Epoca, Romance",Internacional,Traduzido,No,,,
Yes,A Mafia,,Chiado Brasil,Raissa Raiane,Mulher,Brasil,Portugues,,Doado,No,,No,No,No,No,No,2021,Fisico,Romance,Nacional,Traduzido,No,,,
Yes,O Rei das Cinzas,,‎ HarperCollins,Raymond E. Feist,Homem,Usa,Portugues,,Doado,No,,No,No,No,No,No,?,Fisico,Fantasia,Internacional,Traduzido,No,,,
Yes,A ilha do tesouro,,Principis,Robert Louis Stevenson,Homem,Usa,Portugues,,Doado,No,,No,No,No,No,No,2022,Fisico,,Internacional,Traduzido,No,,,
Yes,Academia De Vampiros (Livro 1) - com capítulos extras inéditos,⭐️⭐️⭐️⭐️⭐️,‎ HarperCollins,Richelle Mead,Mulher,Usa,Portugues,,Lido,Yes,,No,No,No,No,Yes,2022,Fisico,Fantasia,Internacional,Traduzido,No,,,
Yes,Academia de Vampiros - Aura negra,⭐️⭐️⭐️⭐️⭐️,Agir,Richelle Mead,Mulher,Usa,Portugues,,Lido,Yes,,No,No,No,No,Yes,2018,Fisico,Fantasia,Internacional,Traduzido,No,,,
Yes,Academia de Vampiros - Laços Do Espírito,⭐️⭐️⭐️⭐️⭐️,Agir,Richelle Mead,Mulher,Usa,Portugues,,Lido,Yes,,No,No,No,No,Yes,2018,Fisico,Fantasia,Internacional,Traduzido,No,,,
Yes,Academia de Vampiros - O beijo das sombras,⭐️⭐️⭐️⭐️⭐️,Agir,Richelle Mead,Mulher,Usa,Portugues,,Lido,Yes,,No,No,No,No,Yes,2018,Fisico,Fantasia,Internacional,Traduzido,No,,,
Yes,Academia de Vampiros - O Último Sacrifício,⭐️⭐️⭐️⭐️⭐️,Agir,Richelle Mead,Mulher,Usa,Portugues,,Lido,Yes,,No,No,No,No,Yes,2019,Fisico,Fantasia,Internacional,Traduzido,No,,,
Yes,Laços de sangue (Bloodlines Livro 1),⭐️⭐️⭐️⭐️,Seguinte,Richelle Mead,Mulher,Usa,Portugues,,Lido,Yes,,No,No,No,No,Yes,2020,Fisico,Fantasia,Internacional,Traduzido,No,,,
Yes,O Ladrão de Raios - Percy Jackson e os Olimpianos - 1,⭐️⭐️⭐️⭐️⭐️,intrínseca,Rick Riordan,Homem,Usa,Portugues,,Lido,Yes,,No,No,No,No,Yes,2016,Fisico,Fantasia,Internacional,Traduzido,No,,,
Yes,O Mar de Monstros - Percy Jackson e os Olimpianos - 2,⭐️⭐️⭐️⭐️⭐️,intrínseca,Rick Riordan,Homem,Usa,Portugues,,Lido,Yes,,No,No,No,No,Yes,2016,Fisico,Fantasia,Internacional,Traduzido,No,,,
Yes,O Último Olimpiano - Percy Jackson e os Olimpianos - 5,⭐️⭐️⭐️⭐️⭐️,intrínseca,Rick Riordan,Homem,Usa,Portugues,,Lido,Yes,,No,No,No,No,Yes,2016,Fisico,Fantasia,Internacional,Traduzido,No,,,
Yes,O Herói Perdido - Série Os Heróis do Olimpo - 1,⭐️⭐️⭐️,intrínseca,Rick Riordan,Homem,Usa,Portugues,,Lido,Yes,,No,No,No,No,Yes,2016,Fisico,Fantasia,Internacional,Traduzido,No,,,
Yes,O Filho De Netuno - Série Os Heróis do Olimpo - 2,⭐️⭐️⭐️,intrínseca,Rick Riordan,Homem,Usa,Portugues,,Lido,Yes,,No,No,No,No,Yes,2016,Fisico,Fantasia,Internacional,Traduzido,No,,,
Yes,O Sangue do Olimpo - Série Os Heróis do Olimpo - 5,,intrínseca,Rick Riordan,Homem,Usa,Portugues,,Não começado,Yes,,No,No,No,No,Yes,2016,Fisico,Fantasia,Internacional,Traduzido,No,,,
Yes,Percy Jackson e os olimpianos: Guia definitivo,⭐️⭐️⭐️⭐️⭐️,intrínseca,Rick Riordan,Homem,Usa,Portugues,,Lido,Yes,,No,No,No,No,Yes,2016,Fisico,Fantasia,Internacional,Traduzido,No,,,
Yes,O Jogo da Mentira,,Rocco,Ruth Ware,Mulher,Inglaterra,Portugues,,Não começado,Yes,,No,No,No,No,No,2019,Fisico,Suspense,Internacional,Traduzido,Yes,,,
Yes,Match Imperfeito,,Gutenberg,Sandhya Menon,Mulher,India,Portugues,,Doado,No,,No,No,No,No,No,2020,Fisico,Romance,Internacional,Traduzido,No,,,
Yes,Lara Jean Vive Terminando comigo,⭐️⭐️⭐️⭐️⭐️,intrínseca,Mariko Tamaki,Mulher,Canada,Portugues,,Lido,Yes,,No,No,No,No,No,2022,HQ,Romance,Internacional,Traduzido,No,,,
Yes,Academia de Vampiros - Promessa de Sangue,⭐️⭐️⭐️⭐️⭐️,Agir,Richelle Mead,Mulher,Usa,Portugues,2018/01/01,Lido,Yes,,No,No,No,No,Yes,2018,Fisico,Fantasia,Internacional,Traduzido,No,,,
Yes,Academia de Vampiros - Tocada pelas sombras,⭐️⭐️⭐️⭐️⭐️,Agir,Richelle Mead,Mulher,Usa,Portugues,,Lido,Yes,,No,No,No,No,Yes,2018,Fisico,Fantasia,Internacional,Traduzido,No,,,
Yes,"Admirável mundo novo ",,Biblioteca Azul,Aldous Huxley,Homem,Inglaterra,Portugues,,Não começado,Yes,,No,No,No,Yes,No,2022,Fisico,Distopia,Internacional,Traduzido,No,,,
Yes,Allegro em hip-hop,⭐️⭐️⭐️⭐️,Gutenberg,Babi Dewet,Mulher,Brasil,Portugues,,Lido,Yes,,No,No,No,No,Yes,2018,Fisico,Romance,Nacional,Traduzido,No,,,
Yes,Amor e gelato,⭐️⭐️⭐️⭐️,intrínseca,Jenna Evans Welch,Mulher,Usa,Portugues,,Lido,Yes,,No,No,No,No,Yes,2017,Fisico,Romance,Internacional,Traduzido,No,,,
Yes,Amor e sorte,,intrínseca,Jenna Evans Welch,Mulher,Usa,Portugues,,Não começado,Yes,,No,No,No,No,Yes,2021,Fisico,Romance,Internacional,Traduzido,No,,,
Yes,"Amor sob encomenda ",⭐️⭐️⭐️⭐️⭐️,Verus,Carina Rissi,Mulher,Brasil,Portugues,,Lido,Yes,,No,No,No,No,No,2019,Fisico,Romance,Nacional,Traduzido,No,,,
Yes,Animais Fantásticos e onde habitam,⭐️⭐️⭐️⭐️⭐️,Rocco,Jk Rolling,Mulher,Inglaterra,Portugues,,Lido,Yes,,No,No,No,No,Yes,2015,Fisico,Fantasia,Internacional,Traduzido,No,,,
Yes,Anne da Ilha,,Ciranda Cultural,Lucy Maud Montgomery,Mulher,Canada,Portugues,,"Doado, Não começado",No,,No,No,No,No,Yes,2021,Fisico,Infanto Juvenil,Internacional,Traduzido,No,,,
Yes,Anne de Avonlea,,Ciranda Cultural,Lucy Maud Montgomery,Mulher,Canada,Portugues,,"Doado, Não começado",No,,No,No,No,No,Yes,2021,Fisico,Infanto Juvenil,Internacional,Traduzido,No,,,
Yes,Anne de Green Gables,,Ciranda Cultural,Lucy Maud Montgomery,Mulher,Canada,Portugues,,"Doado, Não começado",No,,No,No,No,No,Yes,2021,Fisico,Infanto Juvenil,Internacional,Traduzido,No,,,
Yes,Apenas Amigos,,Universo dos Livros,Christina Lauren,Mulher,Usa,Portugues,,Não começado,Yes,,No,No,No,Yes,No,2022,Fisico,Romance,Internacional,,No,,,
Yes,Aquele verão,,Id,Sarah Dessen,Mulher,Usa,Portugues,,Em pausa,Yes,,No,No,No,No,No,2022,Fisico,Romance,Internacional,Traduzido,No,,,
Yes,As Dez-Vantagens de morrer depois de você,⭐️⭐️⭐️⭐️,Verus,Fernanda de Castro Lima,Mulher,Brasil,Portugues,,Lido,Yes,,No,No,No,No,No,2019,Fisico,Romance,Nacional,Traduzido,No,,,
Yes,"As luzes mais brilhantes ",⭐️⭐️⭐️⭐️⭐️,‎ Astral Cultural,Augusto Alvarenga,Homem,Brasil,Portugues,,Lido,Yes,,No,No,No,No,No,2019,Fisico,Romance,Nacional,Traduzido,No,,,
Yes,As mil noites,⭐️⭐️⭐️⭐️,intrínseca,E K Johnston,Mulher,Canada,Portugues,,Lido,Yes,,No,No,No,No,No,2019,Fisico,Romance,Internacional,Traduzido,No,,,
Yes,As mil partes do meu coração,⭐️⭐️⭐️⭐️⭐️,Galera,Collen Hoover,Mulher,Usa,Portugues,,Lido,Yes,,No,No,No,No,No,2021,Fisico,Romance,Internacional,Traduzido,No,,,
Yes,As vantagens de ser invisível,⭐️⭐️⭐️⭐️,Rocco,Stephen Chbosky,Homem,Usa,Portugues,,Lido,Yes,,No,No,No,No,No,2015,Fisico,Romance,Internacional,Traduzido,No,,,
Yes,Kpop Confidencial,⭐️⭐️⭐️⭐️,GloboAlt,Stephan Lee,Homem,Usa,Portugues,,Lido,Yes,,No,No,No,No,No,2021,Fisico,Romance,Internacional,Traduzido,No,,,
Yes,"Samantha Sweet, executiva do lar",,Best Bolso,Sophie Kinsella,Mulher,Inglaterra,Portugues,,Doado,No,,No,No,No,No,No,2019,Fisico,Romance,Internacional,Traduzido,No,,,
Yes,O segredo de Emma Corrigan,,Best Bolso,Sophie Kinsella,Mulher,Inglaterra,Portugues,,Doado,No,,No,No,No,No,No,2019,Fisico,Romance,Internacional,Traduzido,No,,,
Yes,Jogos Vorazes,⭐️⭐️⭐️⭐️⭐️,Rocco,Suzanne Collins,Mulher,Usa,Portugues,,Lido,Yes,,No,No,No,No,Yes,2016,Fisico,Distopia,Internacional,Traduzido,No,,,
Yes,Mil Beijos de Garoto,⭐️⭐️⭐️,Outro Planeta,Tillie Cole,Mulher,Inglaterra,Portugues,,Lido,Yes,,No,No,No,No,No,2017,Fisico,Romance,Internacional,Traduzido,No,,,
Yes,Insurgente,⭐️⭐️⭐️⭐️⭐️,Rocco,Veronica Roth,Mulher,Usa,Portugues,,Lido,Yes,,No,No,No,No,Yes,2016,Fisico,Distopia,Internacional,Traduzido,No,,,
Yes,As cavernas de aço,,Alef,Isaac Asimov,Homem,Russo,Portugues,,Em pausa,Yes,,No,No,No,No,No,2023,Fisico,Ficção Cientifica,Internacional,Traduzido,No,,,
Yes,Asiáticos podres de ricos,,Record,Kevin Kwan,Homem,Singapura,Portugues,,Não começado,Yes,,No,No,No,No,No,2023,Fisico,Ficção humorística,Internacional,,No,,,
Yes,Battle Royale,,GloboAlt,Koushun Takami,Homem,Japão,Portugues,,Não começado,Yes,,No,No,No,Yes,No,2021,Fisico,Distopia,Internacional,Traduzido,No,,,
Yes,Convergente,⭐️⭐️⭐️⭐️,Rocco,Veronica Roth,Mulher,Usa,Portugues,,Lido,Yes,,No,No,No,No,Yes,2016,Fisico,Distopia,Internacional,Traduzido,No,,,
Yes,Quatro,⭐️⭐️⭐️⭐️⭐️,Rocco,Veronica Roth,Mulher,Usa,Portugues,,Lido,Yes,,No,No,No,No,Yes,2016,Fisico,Distopia,Internacional,Traduzido,No,,,
Yes,Tempestade de guerra,,Seguinte,Victoria Aveyard,Mulher,Usa,Portugues,,Não começado,Yes,,No,No,No,No,Yes,2018,Fisico,Distopia,Internacional,Traduzido,No,,,
Yes,"Você me ganhou no Olá ",,Harlequin,Alexis Daria,Mulher,Usa,Portugues,,Em pausa,Yes,,No,No,No,No,No,2021,Fisico,Romance,Internacional,Traduzido,No,,,
No,HeartStopper,⭐️⭐️⭐️⭐️⭐️,Hodder,Alice Oseman,Mulher,Inglaterra,Ingles,,Lido,Yes,,No,No,No,No,No,2023,HQ,Romance,Internacional,,No,,,
Yes,Coroa Cruel,⭐️⭐️⭐️,Seguinte,Victoria Aveyard,Mulher,Usa,Portugues,,Lido,Yes,,No,No,No,No,Yes,2017,Fisico,Distopia,Internacional,Traduzido,No,,,
Yes,"Azeitona ",,Planeta,Bruno Miranda,Homem,Brasil,Portugues,,Em pausa,Yes,,No,No,No,No,No,2020,Fisico,Romance,Nacional,Traduzido,No,,,
Yes,O odio que você semeia,,Galera,Angie Thomas,Mulher,Usa,Portugues,,Não começado,Yes,,No,No,No,No,No,2023,Fisico,Romance,Internacional,,No,,,
Yes,O amor que partiu o mundo,,‎ HarperCollins,Emily Henry,Mulher,Usa,Portugues,,Não começado,Yes,,No,No,No,No,No,2023,Fisico,Romance,Internacional,,No,,,
Yes,Namorada podre de rica,,Record,Kevin Kwan,Homem,Singapura,Portugues,,Não começado,Yes,,No,No,No,No,No,2023,Fisico,Ficção humorística,Internacional,,No,,,
Yes,Problemas de gente rica,,Record,Kevin Kwan,Homem,Singapura,Portugues,,Não começado,Yes,,No,No,No,No,No,2023,Fisico,Ficção humorística,Internacional,,No,,,
Yes,De sangue e cinzas,,Galera,Jennifer L. Armentrout,Mulher,Usa,Portugues,,"Doado, Não começado",No,,No,No,No,No,No,2022,Fisico,Fantasia,Internacional,Traduzido,No,,,
Yes,Dezesseis,⭐️⭐️⭐️⭐️,Universo dos Livros,Rachel Vincent,Mulher,Usa,Portugues,,Lido,Yes,,No,No,No,No,No,?,Fisico,Romance Distopico,Internacional,Traduzido,No,,,
Yes,Divergente,⭐️⭐️⭐️⭐️⭐️,Rocco,Veronica Roth,Mulher,Usa,Portugues,,Lido,Yes,,No,No,No,No,Yes,2016,Fisico,Distopia,Internacional,Traduzido,No,,,
Yes,Diários da Seleção,⭐️⭐️⭐️⭐️⭐️,Seguinte,Kiera Cass,Mulher,Usa,Portugues,,Lido,Yes,,No,No,No,No,Yes,2015,Fisico,Romance Distopico,Internacional,Traduzido,No,,,
Yes,dor fantasma,,Biblioteca Azul,Rafael Gallo,Homem,Brasil,Portugues,,Não começado,Yes,,No,No,No,No,No,2023,Fisico,Drama,Nacional,,No,,,
Yes,Em chamas,⭐️⭐️⭐️⭐️,Rocco,Suzanne Collins,Mulher,Usa,Portugues,,Lido,Yes,,No,No,No,No,Yes,2016,Fisico,Distopia,Internacional,Traduzido,No,,,
Yes,Espada de Vidro,⭐️⭐️,Seguinte,Victoria Aveyard,Mulher,Usa,Portugues,,Lido,Yes,,No,No,No,No,Yes,2016,Fisico,Distopia,Internacional,Traduzido,No,,,
Yes,Felizes para sempre,⭐️⭐️⭐️⭐️⭐️,Seguinte,Kiera Cass,Mulher,Usa,Portugues,,Lido,Yes,,No,No,No,No,Yes,2015,Fisico,Romance Distopico,Internacional,Traduzido,No,,,
Yes,Garotas como nós,,Universo dos Livros,Dana Mele,Mulher,Usa,Portugues,,Não começado,Yes,,No,No,No,Yes,No,2021,Fisico,Mistério,Internacional,Traduzido,No,,,
Yes,Gente Ansiosa,⭐️⭐️⭐️⭐️⭐️,Rocco,Fredrik Backman,Homem,Suécia,Portugues,2022/08/25,Lido,Yes,,No,No,No,No,No,2021,Fisico,Ficção humorística,Internacional,Traduzido,No,,,
Yes,Harry Potter e a Criança Amaldiçoada,,Rocco,Jk Rolling,Mulher,Inglaterra,Portugues,,Abandonado,Yes,,No,No,No,No,Yes,2016,Fisico,Fantasia,Internacional,Traduzido,No,,,
Yes,Harry Potter e a Câmara Secreta,⭐️⭐️⭐️⭐️⭐️,Rocco,Jk Rolling,Mulher,Inglaterra,Portugues,,Lido,Yes,,No,No,No,No,Yes,2015,Fisico,Fantasia,Internacional,Traduzido,No,,,
Yes,Harry Potter e a Ordem da Fênix,⭐️⭐️⭐️⭐️⭐️,Rocco,Jk Rolling,Mulher,Inglaterra,Portugues,,Lido,Yes,,No,No,No,No,Yes,2015,Fisico,Fantasia,Internacional,Traduzido,No,,,
Yes,Harry Potter e a Pedra Filosofal,⭐️⭐️⭐️⭐️⭐️,Rocco,Jk Rolling,Mulher,Inglaterra,Portugues,,Lido,Yes,,No,No,No,No,Yes,2015,Fisico,Fantasia,Internacional,Traduzido,No,,,
No,As neurofiandeiras de Val,,Independente,Rodrigo Pontes,Homem,Brasil,Portugues,,Não começado,Yes,,Yes,No,No,No,No,2023,Ebook,Ficção Científica,Nacional,,No,256,,
No,Intempéries de Verão,,Independente,Ana França,Mulher,Brasil,Portugues,,Não começado,Yes,,Yes,No,No,No,No,2023,Ebook,Romance,Nacional,,No,137,,
No,Operação Capitu,,Independente,Henrique Melo,Homem,Brasil,Portugues,,Não começado,Yes,,Yes,No,No,No,No,2023,Ebook,Romance,Nacional,,No,372,,
No,Algoritmos de Uma Paixão,,Independente,Victoria Moon,Mulher,Brasil,Portugues,,Não começado,Yes,,Yes,No,No,No,No,2022,Ebook,Romance,Nacional,,No,593,,
No,Velha Gata do Apartamento 34,,Independente,‎ Fernanda Negri,Mulher,Brasil,Portugues,,Não começado,Yes,,Yes,No,No,No,No,2022,Ebook,Romance,Nacional,,No,354,,
No,Enemies with Benefits:,,Typewriter Pub,Lavender Fields,Mulher,Usa,Ingles,,Não começado,Yes,,Yes,No,No,No,No,2022,Ebook,Romance,Internacional,,No,343,,
Yes,Fallen,⭐️⭐️,Galera,Lauren Kate,Mulher,Usa,Portugues,,Lido,No,,No,No,No,No,Yes,,Fisico,Romance,Internacional,,No,,,
Yes,Um de nós está mentindo,⭐️⭐️⭐️⭐️,Galera,Karen M. McManus,Mulher,Usa,Portugues,,Lido,No,,No,No,No,No,No,,Fisico,Suspense,Internacional,Traduzido,No,,,
Yes,Uma historia de verão,⭐️⭐️⭐️,Galera,Pam Gonçalves,Mulher,Brasil,Portugues,,Lido,No,,No,No,No,No,No,,Fisico,Romance,Nacional,,No,,,
No,Dança da morte,,,Stephen King,Homem,Usa,,,,No,,No,No,No,No,No,,,,,,No,,,
No,Zona Morta,,,Stephen King,Homem,Usa,,,,No,,No,No,No,No,No,,,,,,No,,,
No,A incendiaria,,,Stephen King,Homem,Usa,,,,No,,No,No,No,No,No,,,,,,No,,,
No,Dança macabra,,,Stephen King,Homem,Usa,,,,No,,No,No,No,No,No,,,,,,No,,,
No,Cujo,,,Stephen King,Homem,Usa,,,,No,,No,No,No,No,No,,,,,,No,,,
No,Saga Torre Negra - O pistoleiro,,,Stephen King,Homem,Usa,,,,No,,No,No,No,No,No,,,,,,No,,,
No,Quatro Estações,,,Stephen King,Homem,Usa,,,,No,,No,No,No,No,No,,,,,,No,,,
No,Christine,,,Stephen King,Homem,Usa,,,,No,,No,No,No,No,No,,,,,,No,,,
No,O cemiterio,,,Stephen King,Homem,Usa,,,,No,,No,No,No,No,No,,,,,,No,,,
No,O talismã,,,Stephen King,Homem,Usa,,,,No,,No,No,No,No,No,,,,,,No,,,
No,A maldição,,,Stephen King,Homem,Usa,,,,No,,No,No,No,No,No,,,,,,No,,,
No,A hora do lobisomen,,,Stephen King,Homem,Usa,,,,No,,No,No,No,No,No,,,,,,No,,,
No,Tripulação de esqueletos,,,Stephen King,Homem,Usa,,,,No,,No,No,No,No,No,,,,,,No,,,
No,It - a coisa,,,Stephen King,Homem,Usa,,,,No,,No,No,No,No,No,,,,,,No,,,
No,Os olhos do dragão,,,Stephen King,Homem,Usa,,,,No,,No,No,No,No,No,,,,,,No,,,
No,Saga da torre Negra - Terras devastadas,,,Stephen King,Homem,Usa,,,,No,,No,No,No,No,No,,,,,,No,,,